{"stats":{"minecraft:dropped":{"minecraft:netherite_chestplate":1,"minecraft:netherite_boots":1,"minecraft:netherite_helmet":1,"minecraft:warden_spawn_egg":193,"minecraft:sand":20,"minecraft:spectral_arrow":128,"minecraft:totem_of_undying":3,"minecraft:netherite_leggings":1},"minecraft:crafted":{"minecraft:crafting_table":1,"minecraft:stick":4,"minecraft:birch_planks":20},"minecraft:mined":{"minecraft:birch_log":5,"minecraft:birch_leaves":2,"minecraft:sand":1,"minecraft:sugar_cane":4},"minecraft:used":{"minecraft:warden_spawn_egg":2,"minecraft:netherite_sword":8,"minecraft:wooden_axe":1,"minecraft:firework_rocket":119,"minecraft:birch_planks":14,"minecraft:birch_leaves":5,"minecraft:ender_pearl":1,"minecraft:sugar_cane":112,"minecraft:totem_of_undying":31,"minecraft:sand":9,"minecraft:dirt":1,"minecraft:bow":202,"minecraft:end_crystal":26,"minecraft:crafting_table":1,"minecraft:birch_log":3,"minecraft:yellow_concrete":2,"minecraft:obsidian":64},"minecraft:killed":{"minecraft:zombie":1,"minecraft:warden":1,"minecraft:enderman":1},"minecraft:picked_up":{"minecraft:birch_log":6,"minecraft:tipped_arrow":33,"minecraft:crafting_table":1,"minecraft:netherite_boots":2,"minecraft:stick":4,"minecraft:birch_leaves":1,"minecraft:birch_planks":14,"minecraft:sand":26,"minecraft:warden_spawn_egg":128,"minecraft:netherite_leggings":1,"minecraft:spectral_arrow":125,"minecraft:dirt":2,"minecraft:stone_sword":1,"minecraft:stone_shovel":1,"minecraft:rotten_flesh":2,"minecraft:stone_axe":1,"minecraft:bow":2,"minecraft:netherite_helmet":1,"minecraft:netherite_sword":1,"minecraft:stone_pickaxe":1,"minecraft:totem_of_undying":44,"minecraft:netherite_chestplate":1,"minecraft:sugar_cane":65,"minecraft:obsidian":6,"minecraft:ender_pearl":1},"minecraft:killed_by":{"minecraft:warden":2},"minecraft:custom":{"minecraft:time_since_rest":39664,"minecraft:sprint_one_cm":46882,"minecraft:damage_taken":6049,"minecraft:walk_one_cm":56036,"minecraft:damage_absorbed":1742,"minecraft:mob_kills":3,"minecraft:drop":18,"minecraft:damage_dealt":789,"minecraft:damage_dealt_absorbed":95,"minecraft:swim_one_cm":10375,"minecraft:fly_one_cm":417448,"minecraft:player_kills":1,"minecraft:crouch_one_cm":4816,"minecraft:play_time":90868,"minecraft:deaths":3,"minecraft:sneak_time":2484,"minecraft:walk_under_water_one_cm":7219,"minecraft:aviate_one_cm":271652,"minecraft:jump":854,"minecraft:leave_game":16,"minecraft:walk_on_water_one_cm":7879,"minecraft:time_since_death":39639,"minecraft:total_world_time":90868,"minecraft:fall_one_cm":26407}},"DataVersion":3465}