{"stats":{"minecraft:custom":{"minecraft:jump":168,"minecraft:time_since_rest":3677,"minecraft:walk_on_water_one_cm":2317,"minecraft:crouch_one_cm":343,"minecraft:deaths":1,"minecraft:sprint_one_cm":30778,"minecraft:play_time":6000,"minecraft:damage_taken":1220,"minecraft:time_since_death":3642,"minecraft:walk_one_cm":9209,"minecraft:sneak_time":154,"minecraft:total_world_time":6000,"minecraft:walk_under_water_one_cm":224,"minecraft:fall_one_cm":14629,"minecraft:fly_one_cm":38749}},"DataVersion":3465}