{"stats":{"minecraft:killed":{"minecraft:skeleton":4,"minecraft:zombie":2,"minecraft:spider":2,"minecraft:cow":2},"minecraft:picked_up":{"minecraft:leather":2,"minecraft:lead":2,"minecraft:string":1,"minecraft:stone_shovel":1,"minecraft:diamond_chestplate":1,"minecraft:arrow":3,"minecraft:stone_sword":1,"minecraft:bone":2,"minecraft:rotten_flesh":1,"minecraft:diamond_leggings":1,"minecraft:netherite_sword":1,"minecraft:diamond_boots":1,"minecraft:beef":2,"minecraft:stone_pickaxe":1,"minecraft:totem_of_undying":2,"minecraft:enchanted_golden_apple":65,"minecraft:diamond_helmet":1},"minecraft:custom":{"minecraft:time_since_rest":103149,"minecraft:sprint_one_cm":94498,"minecraft:damage_absorbed":662,"minecraft:damage_taken":2429,"minecraft:walk_one_cm":132825,"minecraft:mob_kills":10,"minecraft:drop":11,"minecraft:damage_dealt":1928,"minecraft:damage_dealt_absorbed":169,"minecraft:swim_one_cm":6335,"minecraft:fly_one_cm":1159911,"minecraft:crouch_one_cm":2774,"minecraft:play_time":135668,"minecraft:deaths":6,"minecraft:sneak_time":3182,"minecraft:walk_under_water_one_cm":12431,"minecraft:aviate_one_cm":465040,"minecraft:jump":676,"minecraft:leave_game":5,"minecraft:walk_on_water_one_cm":8860,"minecraft:time_since_death":103121,"minecraft:total_world_time":135668,"minecraft:damage_resisted":195,"minecraft:fall_one_cm":15520},"minecraft:used":{"minecraft:wooden_axe":7,"minecraft:stone_brick_slab":18,"minecraft:netherite_sword":72,"minecraft:black_concrete":103,"minecraft:cyan_terracotta":13,"minecraft:diamond_boots":1,"minecraft:firework_rocket":67,"minecraft:light_gray_concrete":38,"minecraft:grass_block":6,"minecraft:elytra":2,"minecraft:cyan_concrete":6,"minecraft:magenta_concrete":8,"minecraft:gray_concrete_powder":374,"minecraft:totem_of_undying":1,"minecraft:stone_brick_stairs":20,"minecraft:stone_bricks":127,"minecraft:diamond_chestplate":1,"minecraft:mossy_cobblestone":15,"minecraft:andesite":158,"minecraft:diamond_helmet":1,"minecraft:white_concrete":141,"minecraft:enchanted_golden_apple":15,"minecraft:smooth_stone":62,"minecraft:diamond_leggings":1},"minecraft:dropped":{"minecraft:cyan_terracotta":4,"minecraft:mossy_cobblestone":2,"minecraft:enchanted_golden_apple":2,"minecraft:smooth_stone":2,"minecraft:light_gray_concrete":1,"minecraft:elytra":1}},"DataVersion":3465}