{"stats":{"minecraft:dropped":{"minecraft:elytra":1},"minecraft:custom":{"minecraft:time_since_rest":3481,"minecraft:damage_absorbed":662,"minecraft:crouch_one_cm":453,"minecraft:walk_one_cm":27889,"minecraft:play_time":36000,"minecraft:sprint_one_cm":50022,"minecraft:damage_taken":2429,"minecraft:deaths":6,"minecraft:sneak_time":973,"minecraft:walk_under_water_one_cm":12431,"minecraft:drop":1,"minecraft:aviate_one_cm":34134,"minecraft:jump":301,"minecraft:damage_dealt":40,"minecraft:time_since_death":3453,"minecraft:walk_on_water_one_cm":7603,"minecraft:damage_resisted":195,"minecraft:total_world_time":36000,"minecraft:damage_dealt_absorbed":169,"minecraft:swim_one_cm":6335,"minecraft:fall_one_cm":15520,"minecraft:fly_one_cm":344767},"minecraft:used":{"minecraft:netherite_sword":48,"minecraft:diamond_chestplate":1,"minecraft:diamond_boots":1,"minecraft:firework_rocket":3,"minecraft:grass_block":6,"minecraft:elytra":1,"minecraft:diamond_helmet":1,"minecraft:magenta_concrete":8,"minecraft:cyan_concrete":6,"minecraft:enchanted_golden_apple":6,"minecraft:diamond_leggings":1,"minecraft:totem_of_undying":1},"minecraft:picked_up":{"minecraft:stone_sword":1,"minecraft:diamond_chestplate":1,"minecraft:stone_shovel":1,"minecraft:diamond_leggings":1,"minecraft:netherite_sword":1,"minecraft:diamond_boots":1,"minecraft:stone_pickaxe":1,"minecraft:totem_of_undying":2,"minecraft:diamond_helmet":1,"minecraft:enchanted_golden_apple":64}},"DataVersion":3465}