{"stats":{"minecraft:killed":{"minecraft:skeleton":4,"minecraft:zombie":2,"minecraft:spider":1,"minecraft:cow":2},"minecraft:picked_up":{"minecraft:leather":2,"minecraft:string":1,"minecraft:rotten_flesh":1,"minecraft:bone":1,"minecraft:stone_sword":1,"minecraft:arrow":3,"minecraft:diamond_chestplate":1,"minecraft:stone_shovel":1,"minecraft:diamond_leggings":1,"minecraft:netherite_sword":1,"minecraft:diamond_boots":1,"minecraft:beef":2,"minecraft:stone_pickaxe":1,"minecraft:totem_of_undying":2,"minecraft:diamond_helmet":1,"minecraft:enchanted_golden_apple":65},"minecraft:custom":{"minecraft:time_since_rest":46012,"minecraft:damage_absorbed":662,"minecraft:sprint_one_cm":87564,"minecraft:walk_one_cm":102068,"minecraft:damage_taken":2429,"minecraft:mob_kills":9,"minecraft:drop":4,"minecraft:damage_dealt":1641,"minecraft:damage_dealt_absorbed":169,"minecraft:swim_one_cm":6335,"minecraft:fly_one_cm":848052,"minecraft:crouch_one_cm":1692,"minecraft:play_time":78531,"minecraft:deaths":6,"minecraft:sneak_time":1673,"minecraft:walk_under_water_one_cm":12431,"minecraft:aviate_one_cm":454898,"minecraft:jump":550,"minecraft:leave_game":1,"minecraft:time_since_death":45984,"minecraft:walk_on_water_one_cm":8860,"minecraft:damage_resisted":195,"minecraft:total_world_time":78531,"minecraft:fall_one_cm":15520},"minecraft:used":{"minecraft:netherite_sword":72,"minecraft:black_concrete":48,"minecraft:diamond_boots":1,"minecraft:firework_rocket":67,"minecraft:grass_block":6,"minecraft:elytra":2,"minecraft:magenta_concrete":8,"minecraft:cyan_concrete":6,"minecraft:totem_of_undying":1,"minecraft:diamond_chestplate":1,"minecraft:diamond_helmet":1,"minecraft:white_concrete":68,"minecraft:enchanted_golden_apple":15,"minecraft:diamond_leggings":1},"minecraft:dropped":{"minecraft:cyan_terracotta":2,"minecraft:enchanted_golden_apple":2,"minecraft:elytra":1}},"DataVersion":3465}