{"stats":{"minecraft:custom":{"minecraft:jump":217,"minecraft:time_since_rest":11912,"minecraft:walk_on_water_one_cm":3204,"minecraft:crouch_one_cm":453,"minecraft:deaths":4,"minecraft:sprint_one_cm":36584,"minecraft:play_time":30000,"minecraft:damage_taken":1860,"minecraft:time_since_death":11880,"minecraft:walk_one_cm":13376,"minecraft:sneak_time":950,"minecraft:total_world_time":30000,"minecraft:walk_under_water_one_cm":2518,"minecraft:fall_one_cm":14838,"minecraft:fly_one_cm":320009},"minecraft:used":{"minecraft:cyan_concrete":3,"minecraft:magenta_concrete":3,"minecraft:grass_block":6},"minecraft:picked_up":{"minecraft:stone_sword":1,"minecraft:stone_pickaxe":1,"minecraft:stone_shovel":1}},"DataVersion":3465}