{"stats":{"minecraft:killed":{"minecraft:skeleton":7,"minecraft:zombie":4,"minecraft:spider":4,"minecraft:creeper":6,"minecraft:cow":2},"minecraft:custom":{"minecraft:time_since_rest":181626,"minecraft:sprint_one_cm":108024,"minecraft:damage_absorbed":662,"minecraft:damage_taken":2429,"minecraft:walk_one_cm":168371,"minecraft:mob_kills":24,"minecraft:drop":18,"minecraft:damage_dealt":5008,"minecraft:damage_dealt_absorbed":169,"minecraft:swim_one_cm":6335,"minecraft:fly_one_cm":1679950,"minecraft:crouch_one_cm":3008,"minecraft:play_time":214145,"minecraft:deaths":6,"minecraft:sneak_time":4795,"minecraft:walk_under_water_one_cm":12431,"minecraft:aviate_one_cm":2163050,"minecraft:jump":831,"minecraft:leave_game":8,"minecraft:walk_on_water_one_cm":8860,"minecraft:time_since_death":181598,"minecraft:total_world_time":214145,"minecraft:damage_resisted":195,"minecraft:fall_one_cm":15520},"minecraft:used":{"minecraft:netherite_sword":72,"minecraft:stone_brick_slab":18,"minecraft:wooden_axe":40,"minecraft:black_concrete":289,"minecraft:cyan_terracotta":16,"minecraft:diamond_boots":1,"minecraft:firework_rocket":691,"minecraft:light_gray_concrete":40,"minecraft:grass_block":6,"minecraft:elytra":2,"minecraft:netherite_axe":15,"minecraft:cyan_concrete":6,"minecraft:magenta_concrete":8,"minecraft:black_glazed_terracotta":2,"minecraft:gray_concrete_powder":374,"minecraft:totem_of_undying":1,"minecraft:stone_brick_stairs":20,"minecraft:stone_bricks":127,"minecraft:diamond_chestplate":1,"minecraft:mossy_cobblestone":15,"minecraft:white_carpet":3,"minecraft:andesite_stairs":215,"minecraft:andesite":158,"minecraft:brown_glazed_terracotta":1,"minecraft:diamond_helmet":1,"minecraft:white_concrete":357,"minecraft:enchanted_golden_apple":15,"minecraft:smooth_stone":409,"minecraft:diamond_leggings":1},"minecraft:dropped":{"minecraft:cyan_terracotta":4,"minecraft:mossy_cobblestone":2,"minecraft:enchanted_golden_apple":2,"minecraft:arrow":2,"minecraft:smooth_stone":2,"minecraft:light_gray_concrete":1,"minecraft:pink_glazed_terracotta":2,"minecraft:elytra":1,"minecraft:bone":5},"minecraft:picked_up":{"minecraft:leather":2,"minecraft:lead":2,"minecraft:gunpowder":7,"minecraft:string":3,"minecraft:rotten_flesh":6,"minecraft:arrow":6,"minecraft:stone_sword":1,"minecraft:bone":8,"minecraft:diamond_chestplate":1,"minecraft:stone_shovel":1,"minecraft:diamond_leggings":1,"minecraft:netherite_sword":1,"minecraft:diamond_boots":1,"minecraft:beef":2,"minecraft:stone_pickaxe":1,"minecraft:totem_of_undying":2,"minecraft:enchanted_golden_apple":65,"minecraft:diamond_helmet":1}},"DataVersion":3465}