{"stats":{"minecraft:custom":{"minecraft:jump":206,"minecraft:time_since_rest":1536,"minecraft:walk_on_water_one_cm":2317,"minecraft:crouch_one_cm":343,"minecraft:deaths":3,"minecraft:sprint_one_cm":36131,"minecraft:play_time":18000,"minecraft:damage_taken":1620,"minecraft:time_since_death":1482,"minecraft:walk_one_cm":11488,"minecraft:sneak_time":300,"minecraft:total_world_time":18000,"minecraft:walk_under_water_one_cm":224,"minecraft:fall_one_cm":14838,"minecraft:fly_one_cm":98631},"minecraft:used":{"minecraft:grass_block":6},"minecraft:picked_up":{"minecraft:stone_sword":1,"minecraft:stone_pickaxe":1,"minecraft:stone_shovel":1}},"DataVersion":3465}