{"stats":{"minecraft:killed":{"minecraft:skeleton":4,"minecraft:zombie":2,"minecraft:spider":1,"minecraft:cow":2},"minecraft:picked_up":{"minecraft:leather":2,"minecraft:string":1,"minecraft:rotten_flesh":1,"minecraft:bone":1,"minecraft:stone_sword":1,"minecraft:arrow":3,"minecraft:diamond_chestplate":1,"minecraft:stone_shovel":1,"minecraft:diamond_leggings":1,"minecraft:netherite_sword":1,"minecraft:diamond_boots":1,"minecraft:beef":2,"minecraft:stone_pickaxe":1,"minecraft:totem_of_undying":2,"minecraft:diamond_helmet":1,"minecraft:enchanted_golden_apple":65},"minecraft:custom":{"minecraft:time_since_rest":21481,"minecraft:damage_absorbed":662,"minecraft:sprint_one_cm":68367,"minecraft:walk_one_cm":52548,"minecraft:damage_taken":2429,"minecraft:mob_kills":9,"minecraft:drop":3,"minecraft:damage_dealt":1641,"minecraft:damage_dealt_absorbed":169,"minecraft:swim_one_cm":6335,"minecraft:fly_one_cm":468429,"minecraft:crouch_one_cm":705,"minecraft:play_time":54000,"minecraft:deaths":6,"minecraft:sneak_time":1141,"minecraft:walk_under_water_one_cm":12431,"minecraft:aviate_one_cm":34134,"minecraft:jump":457,"minecraft:time_since_death":21453,"minecraft:walk_on_water_one_cm":8860,"minecraft:damage_resisted":195,"minecraft:total_world_time":54000,"minecraft:fall_one_cm":15520},"minecraft:dropped":{"minecraft:enchanted_golden_apple":2,"minecraft:elytra":1},"minecraft:used":{"minecraft:netherite_sword":72,"minecraft:black_concrete":7,"minecraft:diamond_boots":1,"minecraft:firework_rocket":3,"minecraft:grass_block":6,"minecraft:elytra":1,"minecraft:magenta_concrete":8,"minecraft:cyan_concrete":6,"minecraft:totem_of_undying":1,"minecraft:diamond_chestplate":1,"minecraft:diamond_helmet":1,"minecraft:white_concrete":29,"minecraft:enchanted_golden_apple":11,"minecraft:diamond_leggings":1}},"DataVersion":3465}