{"stats":{"minecraft:dropped":{"minecraft:rotten_flesh":1,"minecraft:stone_pickaxe":1,"minecraft:bone":1,"minecraft:stone_shovel":1},"minecraft:used":{"minecraft:rotten_flesh":1,"minecraft:stone_axe":2,"minecraft:stone_sword":24,"minecraft:sand":11,"minecraft:stone_shovel":11,"minecraft:oak_log":36},"minecraft:killed":{"minecraft:skeleton":2,"minecraft:turtle":1,"minecraft:zombie":1},"minecraft:custom":{"minecraft:time_since_rest":9607,"minecraft:walk_under_water_one_cm":582,"minecraft:crouch_one_cm":176,"minecraft:play_time":18000,"minecraft:sprint_one_cm":14139,"minecraft:walk_one_cm":22075,"minecraft:damage_taken":330,"minecraft:deaths":1,"minecraft:sneak_time":252,"minecraft:mob_kills":4,"minecraft:drop":4,"minecraft:jump":97,"minecraft:damage_dealt":969,"minecraft:time_since_death":9579,"minecraft:walk_on_water_one_cm":3027,"minecraft:total_world_time":18000,"minecraft:swim_one_cm":542,"minecraft:fall_one_cm":1521,"minecraft:fly_one_cm":53664},"minecraft:killed_by":{"minecraft:skeleton":1},"minecraft:picked_up":{"minecraft:bone":1,"minecraft:stone_sword":1,"minecraft:stone_shovel":1,"minecraft:rotten_flesh":3,"minecraft:stone_axe":1,"minecraft:stone_pickaxe":1,"minecraft:sand":22},"minecraft:mined":{"minecraft:sand":11}},"DataVersion":3465}