{"stats":{"minecraft:picked_up":{"minecraft:stone_sword":1,"minecraft:bone":1,"minecraft:stone_shovel":1,"minecraft:rotten_flesh":3,"minecraft:stone_axe":1,"minecraft:sand":22,"minecraft:stone_pickaxe":1},"minecraft:mined":{"minecraft:sand":11},"minecraft:custom":{"minecraft:time_since_rest":32518,"minecraft:crouch_one_cm":182,"minecraft:damage_taken":330,"minecraft:play_time":40911,"minecraft:sprint_one_cm":14139,"minecraft:walk_one_cm":22386,"minecraft:deaths":1,"minecraft:sneak_time":540,"minecraft:walk_under_water_one_cm":582,"minecraft:mob_kills":4,"minecraft:drop":4,"minecraft:jump":98,"minecraft:damage_dealt":969,"minecraft:leave_game":2,"minecraft:walk_on_water_one_cm":3027,"minecraft:time_since_death":32490,"minecraft:total_world_time":40911,"minecraft:swim_one_cm":542,"minecraft:fall_one_cm":1521,"minecraft:fly_one_cm":81374},"minecraft:killed_by":{"minecraft:skeleton":1},"minecraft:dropped":{"minecraft:rotten_flesh":1,"minecraft:stone_pickaxe":1,"minecraft:stone_shovel":1,"minecraft:bone":1},"minecraft:used":{"minecraft:rotten_flesh":1,"minecraft:oak_log":40,"minecraft:stone_sword":24,"minecraft:stone_axe":2,"minecraft:sand":11,"minecraft:stone_shovel":11},"minecraft:killed":{"minecraft:skeleton":2,"minecraft:turtle":1,"minecraft:zombie":1}},"DataVersion":3465}