{"stats":{"minecraft:custom":{"minecraft:time_since_rest":215061,"minecraft:crouch_one_cm":1086,"minecraft:damage_taken":330,"minecraft:play_time":223454,"minecraft:sprint_one_cm":25835,"minecraft:walk_one_cm":38484,"minecraft:deaths":1,"minecraft:sneak_time":6486,"minecraft:walk_under_water_one_cm":16312,"minecraft:mob_kills":4,"minecraft:drop":4,"minecraft:jump":172,"minecraft:damage_dealt":969,"minecraft:leave_game":8,"minecraft:walk_on_water_one_cm":6091,"minecraft:time_since_death":215033,"minecraft:total_world_time":223454,"minecraft:swim_one_cm":542,"minecraft:fall_one_cm":1521,"minecraft:fly_one_cm":1768118},"minecraft:dropped":{"minecraft:rotten_flesh":1,"minecraft:stone_pickaxe":1,"minecraft:stone_shovel":1,"minecraft:bone":1},"minecraft:used":{"minecraft:rotten_flesh":1,"minecraft:oak_log":415,"minecraft:stone_sword":24,"minecraft:stone_axe":2,"minecraft:purple_concrete":2,"minecraft:sand":11,"minecraft:light_blue_concrete":116,"minecraft:orange_concrete":31,"minecraft:stone_shovel":11},"minecraft:killed":{"minecraft:turtle":1,"minecraft:zombie":1,"minecraft:skeleton":2},"minecraft:killed_by":{"minecraft:skeleton":1},"minecraft:picked_up":{"minecraft:stone_sword":2,"minecraft:bone":1,"minecraft:stone_shovel":2,"minecraft:rotten_flesh":3,"minecraft:stone_axe":2,"minecraft:sand":22,"minecraft:stone_pickaxe":2,"minecraft:birch_sapling":1,"minecraft:dirt":1},"minecraft:mined":{"minecraft:sand":11}},"DataVersion":3465}