{"stats":{"minecraft:killed":{"minecraft:skeleton":2,"minecraft:zombie":1,"minecraft:turtle":1},"minecraft:custom":{"minecraft:time_since_rest":719808,"minecraft:sprint_one_cm":196878,"minecraft:damage_taken":330,"minecraft:walk_one_cm":310578,"minecraft:mob_kills":4,"minecraft:drop":5,"minecraft:damage_dealt":969,"minecraft:swim_one_cm":542,"minecraft:fly_one_cm":7368930,"minecraft:open_chest":1,"minecraft:crouch_one_cm":17007,"minecraft:play_time":728201,"minecraft:deaths":1,"minecraft:sneak_time":27646,"minecraft:walk_under_water_one_cm":40798,"minecraft:jump":826,"minecraft:leave_game":23,"minecraft:walk_on_water_one_cm":6441,"minecraft:time_since_death":719780,"minecraft:total_world_time":728201,"minecraft:fall_one_cm":1521},"minecraft:used":{"minecraft:deepslate_brick_wall":50,"minecraft:oak_log":417,"minecraft:oak_fence":80,"minecraft:black_terracotta":1,"minecraft:stone_brick_slab":30,"minecraft:mossy_stone_bricks":6,"minecraft:black_concrete":255,"minecraft:iron_bars":14,"minecraft:stone_sword":24,"minecraft:orange_concrete":31,"minecraft:light_gray_concrete":242,"minecraft:stone_shovel":11,"minecraft:polished_andesite":37,"minecraft:oak_planks":5,"minecraft:black_glazed_terracotta":7,"minecraft:gray_concrete_powder":7,"minecraft:blue_concrete_powder":342,"minecraft:red_glazed_terracotta":60,"minecraft:rotten_flesh":1,"minecraft:stone_brick_stairs":30,"minecraft:stone_bricks":216,"minecraft:stone_axe":2,"minecraft:light_gray_wool":2,"minecraft:purple_concrete":37,"minecraft:white_wool":264,"minecraft:torch":46,"minecraft:sand":11,"minecraft:gray_glazed_terracotta":47,"minecraft:light_blue_concrete":182,"minecraft:oak_slab":915,"minecraft:andesite":315,"minecraft:andesite_stairs":325,"minecraft:gray_concrete":106,"minecraft:white_concrete":412,"minecraft:smooth_stone":694},"minecraft:dropped":{"minecraft:stone_shovel":1,"minecraft:rotten_flesh":1,"minecraft:stone_pickaxe":1,"minecraft:smooth_stone":1,"minecraft:bone":1},"minecraft:mined":{"minecraft:sand":11},"minecraft:killed_by":{"minecraft:skeleton":1},"minecraft:picked_up":{"minecraft:torch":9,"minecraft:sand":22,"minecraft:dirt":1,"minecraft:mossy_cobblestone":2,"minecraft:arrow":2,"minecraft:light_gray_concrete":1,"minecraft:stone_sword":2,"minecraft:bone":1,"minecraft:rotten_flesh":3,"minecraft:stone_shovel":2,"minecraft:stone_axe":2,"minecraft:pink_glazed_terracotta":2,"minecraft:smooth_stone":2,"minecraft:stone_pickaxe":2,"minecraft:cyan_terracotta":2,"minecraft:enchanted_golden_apple":1,"minecraft:birch_sapling":1}},"DataVersion":3465}