{"stats":{"minecraft:picked_up":{"minecraft:stone_sword":1,"minecraft:bone":1,"minecraft:stone_shovel":1,"minecraft:rotten_flesh":3,"minecraft:stone_axe":1,"minecraft:sand":22,"minecraft:stone_pickaxe":1},"minecraft:custom":{"minecraft:time_since_rest":164333,"minecraft:crouch_one_cm":564,"minecraft:damage_taken":330,"minecraft:play_time":172726,"minecraft:sprint_one_cm":23856,"minecraft:walk_one_cm":34647,"minecraft:deaths":1,"minecraft:sneak_time":4517,"minecraft:walk_under_water_one_cm":582,"minecraft:mob_kills":4,"minecraft:drop":4,"minecraft:jump":137,"minecraft:damage_dealt":969,"minecraft:leave_game":7,"minecraft:walk_on_water_one_cm":3033,"minecraft:time_since_death":164305,"minecraft:total_world_time":172726,"minecraft:swim_one_cm":542,"minecraft:fall_one_cm":1521,"minecraft:fly_one_cm":1226116},"minecraft:dropped":{"minecraft:rotten_flesh":1,"minecraft:stone_pickaxe":1,"minecraft:stone_shovel":1,"minecraft:bone":1},"minecraft:used":{"minecraft:rotten_flesh":1,"minecraft:oak_log":392,"minecraft:stone_sword":24,"minecraft:stone_axe":2,"minecraft:sand":11,"minecraft:light_blue_concrete":89,"minecraft:orange_concrete":31,"minecraft:stone_shovel":11,"minecraft:purple_concrete":2},"minecraft:killed":{"minecraft:skeleton":2,"minecraft:turtle":1,"minecraft:zombie":1},"minecraft:mined":{"minecraft:sand":11},"minecraft:killed_by":{"minecraft:skeleton":1}},"DataVersion":3465}