{"stats":{"minecraft:killed":{"minecraft:skeleton":2,"minecraft:zombie":1,"minecraft:turtle":1},"minecraft:killed_by":{"minecraft:skeleton":1},"minecraft:mined":{"minecraft:sand":11},"minecraft:picked_up":{"minecraft:torch":9,"minecraft:sand":22,"minecraft:dirt":1,"minecraft:stone_shovel":2,"minecraft:stone_sword":2,"minecraft:bone":1,"minecraft:rotten_flesh":3,"minecraft:stone_axe":2,"minecraft:stone_pickaxe":2,"minecraft:enchanted_golden_apple":1,"minecraft:birch_sapling":1},"minecraft:custom":{"minecraft:time_since_rest":281061,"minecraft:sprint_one_cm":85055,"minecraft:damage_taken":330,"minecraft:walk_one_cm":104731,"minecraft:mob_kills":4,"minecraft:drop":4,"minecraft:damage_dealt":969,"minecraft:swim_one_cm":542,"minecraft:fly_one_cm":3383634,"minecraft:open_chest":1,"minecraft:crouch_one_cm":2417,"minecraft:play_time":289454,"minecraft:deaths":1,"minecraft:sneak_time":10506,"minecraft:walk_under_water_one_cm":40798,"minecraft:jump":290,"minecraft:leave_game":8,"minecraft:time_since_death":281033,"minecraft:walk_on_water_one_cm":6441,"minecraft:total_world_time":289454,"minecraft:fall_one_cm":1521},"minecraft:dropped":{"minecraft:stone_shovel":1,"minecraft:rotten_flesh":1,"minecraft:stone_pickaxe":1,"minecraft:bone":1},"minecraft:used":{"minecraft:oak_log":417,"minecraft:black_concrete":110,"minecraft:stone_sword":24,"minecraft:orange_concrete":31,"minecraft:stone_shovel":11,"minecraft:rotten_flesh":1,"minecraft:stone_axe":2,"minecraft:torch":46,"minecraft:purple_concrete":37,"minecraft:sand":11,"minecraft:light_blue_concrete":182,"minecraft:white_concrete":88}},"DataVersion":3465}