{"stats":{"minecraft:picked_up":{"minecraft:torch":9,"minecraft:sand":22,"minecraft:dirt":1,"minecraft:mossy_cobblestone":2,"minecraft:light_gray_concrete":1,"minecraft:rotten_flesh":3,"minecraft:stone_sword":2,"minecraft:bone":1,"minecraft:stone_shovel":2,"minecraft:stone_axe":2,"minecraft:smooth_stone":2,"minecraft:stone_pickaxe":2,"minecraft:cyan_terracotta":2,"minecraft:enchanted_golden_apple":1,"minecraft:birch_sapling":1},"minecraft:mined":{"minecraft:sand":11},"minecraft:killed":{"minecraft:skeleton":2,"minecraft:zombie":1,"minecraft:turtle":1},"minecraft:killed_by":{"minecraft:skeleton":1},"minecraft:used":{"minecraft:oak_log":417,"minecraft:black_terracotta":1,"minecraft:stone_brick_slab":25,"minecraft:mossy_stone_bricks":6,"minecraft:black_concrete":128,"minecraft:stone_sword":24,"minecraft:orange_concrete":31,"minecraft:light_gray_concrete":128,"minecraft:stone_shovel":11,"minecraft:blue_concrete_powder":339,"minecraft:gray_concrete_powder":7,"minecraft:stone_brick_stairs":28,"minecraft:stone_bricks":124,"minecraft:rotten_flesh":1,"minecraft:stone_axe":2,"minecraft:torch":46,"minecraft:purple_concrete":37,"minecraft:sand":11,"minecraft:light_blue_concrete":182,"minecraft:andesite":225,"minecraft:gray_concrete":106,"minecraft:white_concrete":105,"minecraft:smooth_stone":91},"minecraft:dropped":{"minecraft:stone_shovel":1,"minecraft:rotten_flesh":1,"minecraft:stone_pickaxe":1,"minecraft:bone":1},"minecraft:custom":{"minecraft:time_since_rest":449062,"minecraft:sprint_one_cm":158349,"minecraft:damage_taken":330,"minecraft:walk_one_cm":224673,"minecraft:mob_kills":4,"minecraft:drop":4,"minecraft:damage_dealt":969,"minecraft:swim_one_cm":542,"minecraft:fly_one_cm":4814155,"minecraft:open_chest":1,"minecraft:crouch_one_cm":13771,"minecraft:play_time":457455,"minecraft:deaths":1,"minecraft:sneak_time":17634,"minecraft:walk_under_water_one_cm":40798,"minecraft:jump":659,"minecraft:leave_game":13,"minecraft:walk_on_water_one_cm":6441,"minecraft:time_since_death":449034,"minecraft:total_world_time":457455,"minecraft:fall_one_cm":1521}},"DataVersion":3465}