{"stats":{"minecraft:dropped":{"minecraft:stone_axe":1,"minecraft:stone_pickaxe":1,"minecraft:stone_sword":1,"minecraft:stone_shovel":1},"minecraft:custom":{"minecraft:time_since_rest":12000,"minecraft:play_time":12000,"minecraft:crouch_one_cm":148,"minecraft:sprint_one_cm":7538,"minecraft:walk_one_cm":5765,"minecraft:sneak_time":391,"minecraft:mob_kills":11,"minecraft:drop":4,"minecraft:jump":93,"minecraft:damage_dealt":2215,"minecraft:time_since_death":12000,"minecraft:total_world_time":12000,"minecraft:fly_one_cm":114562,"minecraft:fall_one_cm":1045},"minecraft:used":{"minecraft:stone_axe":2,"minecraft:wooden_axe":7,"minecraft:netherite_sword":23,"minecraft:villager_spawn_egg":12},"minecraft:killed":{"minecraft:villager":11},"minecraft:picked_up":{"minecraft:stone_axe":1},"minecraft:mined":{"minecraft:grass":1,"minecraft:grass_block":1}},"DataVersion":3465}