{"stats":{"minecraft:dropped":{"minecraft:enchanted_book":1,"minecraft:anvil":1,"minecraft:stone_axe":1,"minecraft:diamond_chestplate":1,"minecraft:stone_sword":1,"minecraft:torch":1,"minecraft:netherite_sword":2,"minecraft:diamond_leggings":1,"minecraft:stone_shovel":1,"minecraft:diamond_helmet":1,"minecraft:enchanted_golden_apple":64,"minecraft:diamond_boots":1,"minecraft:stone_pickaxe":1,"minecraft:totem_of_undying":10},"minecraft:custom":{"minecraft:time_since_rest":8990,"minecraft:damage_absorbed":619,"minecraft:sprint_one_cm":20872,"minecraft:walk_one_cm":33662,"minecraft:damage_taken":654,"minecraft:interact_with_anvil":1,"minecraft:mob_kills":14,"minecraft:drop":24,"minecraft:damage_dealt":4039,"minecraft:damage_dealt_absorbed":1541,"minecraft:swim_one_cm":7711,"minecraft:fly_one_cm":264353,"minecraft:crouch_one_cm":439,"minecraft:play_time":36000,"minecraft:deaths":1,"minecraft:sneak_time":1130,"minecraft:walk_under_water_one_cm":3052,"minecraft:aviate_one_cm":1084,"minecraft:jump":299,"minecraft:time_since_death":8965,"minecraft:walk_on_water_one_cm":12165,"minecraft:total_world_time":36000,"minecraft:damage_resisted":167,"minecraft:fall_one_cm":7907},"minecraft:used":{"minecraft:wooden_axe":7,"minecraft:netherite_sword":144,"minecraft:villager_spawn_egg":15,"minecraft:birch_planks":7,"minecraft:oak_planks":1,"minecraft:elytra":1,"minecraft:totem_of_undying":2,"minecraft:stone_axe":2,"minecraft:anvil":1,"minecraft:magenta_wool":11,"minecraft:enchanted_golden_apple":5},"minecraft:killed":{"minecraft:villager":14},"minecraft:picked_up":{"minecraft:torch":1,"minecraft:elytra":1,"minecraft:stone_axe":1,"minecraft:netherite_sword":1},"minecraft:mined":{"minecraft:grass":1,"minecraft:grass_block":1}},"DataVersion":3465}