{"stats":{"minecraft:dropped":{"minecraft:stone_axe":1,"minecraft:stone_pickaxe":1,"minecraft:stone_sword":1,"minecraft:totem_of_undying":7,"minecraft:stone_shovel":1},"minecraft:custom":{"minecraft:time_since_rest":24000,"minecraft:play_time":24000,"minecraft:crouch_one_cm":225,"minecraft:sprint_one_cm":9772,"minecraft:walk_one_cm":8045,"minecraft:sneak_time":957,"minecraft:mob_kills":14,"minecraft:drop":11,"minecraft:jump":111,"minecraft:damage_dealt":2814,"minecraft:time_since_death":24000,"minecraft:total_world_time":24000,"minecraft:fly_one_cm":236460,"minecraft:fall_one_cm":1045},"minecraft:used":{"minecraft:stone_axe":2,"minecraft:wooden_axe":7,"minecraft:netherite_sword":31,"minecraft:magenta_wool":11,"minecraft:villager_spawn_egg":15,"minecraft:birch_planks":7,"minecraft:oak_planks":1},"minecraft:killed":{"minecraft:villager":14},"minecraft:picked_up":{"minecraft:stone_axe":1},"minecraft:mined":{"minecraft:grass":1,"minecraft:grass_block":1}},"DataVersion":3465}